result,table,_start,_stop,_time,_measurement,attack_type,session_id,status
_result,0,2026-07-24 20:29:11.255273+00:00,2026-07-25 02:56:34.423623+00:00,2026-07-24 21:35:56.219893+00:00,attack_status,REPLAY,a12aafb3,DETECTED
_result,0,2026-07-24 20:29:11.255273+00:00,2026-07-25 02:56:34.423623+00:00,2026-07-24 21:38:04.299497+00:00,attack_status,REPLAY,a12aafb3,DETECTED
_result,0,2026-07-24 20:29:11.255273+00:00,2026-07-25 02:56:34.423623+00:00,2026-07-24 21:40:12.841305+00:00,attack_status,REPLAY,a12aafb3,DETECTED
_result,0,2026-07-24 20:29:11.255273+00:00,2026-07-25 02:56:34.423623+00:00,2026-07-24 21:42:21.450474+00:00,attack_status,REPLAY,a12aafb3,DETECTED
_result,0,2026-07-24 20:29:11.255273+00:00,2026-07-25 02:56:34.423623+00:00,2026-07-24 21:47:44.744959+00:00,attack_status,REPLAY,a12aafb3,DETECTED
_result,0,2026-07-24 20:29:11.255273+00:00,2026-07-25 02:56:34.423623+00:00,2026-07-24 21:49:54.291535+00:00,attack_status,REPLAY,a12aafb3,DETECTED
_result,0,2026-07-24 20:29:11.255273+00:00,2026-07-25 02:56:34.423623+00:00,2026-07-24 21:52:04.010442+00:00,attack_status,REPLAY,a12aafb3,DETECTED
_result,0,2026-07-24 20:29:11.255273+00:00,2026-07-25 02:56:34.423623+00:00,2026-07-24 22:26:40.668988+00:00,attack_status,REPLAY,a12aafb3,DETECTED
_result,0,2026-07-24 20:29:11.255273+00:00,2026-07-25 02:56:34.423623+00:00,2026-07-24 22:57:03.846557+00:00,attack_status,REPLAY,a12aafb3,DETECTED
_result,0,2026-07-24 20:29:11.255273+00:00,2026-07-25 02:56:34.423623+00:00,2026-07-24 22:59:17.403064+00:00,attack_status,REPLAY,a12aafb3,DETECTED
_result,0,2026-07-24 20:29:11.255273+00:00,2026-07-25 02:56:34.423623+00:00,2026-07-24 23:01:31.066118+00:00,attack_status,REPLAY,a12aafb3,DETECTED
_result,0,2026-07-24 20:29:11.255273+00:00,2026-07-25 02:56:34.423623+00:00,2026-07-24 23:13:30.671512+00:00,attack_status,REPLAY,a12aafb3,DETECTED
_result,0,2026-07-24 20:29:11.255273+00:00,2026-07-25 02:56:34.423623+00:00,2026-07-24 23:15:44.191955+00:00,attack_status,REPLAY,a12aafb3,DETECTED
_result,0,2026-07-24 20:29:11.255273+00:00,2026-07-25 02:56:34.423623+00:00,2026-07-24 23:17:57.847501+00:00,attack_status,REPLAY,a12aafb3,DETECTED
_result,0,2026-07-24 20:29:11.255273+00:00,2026-07-25 02:56:34.423623+00:00,2026-07-24 23:21:51.816158+00:00,attack_status,REPLAY,a12aafb3,DETECTED
_result,0,2026-07-24 20:29:11.255273+00:00,2026-07-25 02:56:34.423623+00:00,2026-07-24 23:37:47.023192+00:00,attack_status,REPLAY,a12aafb3,DETECTED
_result,0,2026-07-24 20:29:11.255273+00:00,2026-07-25 02:56:34.423623+00:00,2026-07-24 23:40:00.479569+00:00,attack_status,REPLAY,a12aafb3,DETECTED
_result,0,2026-07-24 20:29:11.255273+00:00,2026-07-25 02:56:34.423623+00:00,2026-07-24 23:42:14.011177+00:00,attack_status,REPLAY,a12aafb3,DETECTED
_result,0,2026-07-24 20:29:11.255273+00:00,2026-07-25 02:56:34.423623+00:00,2026-07-24 23:52:48.837578+00:00,attack_status,REPLAY,a12aafb3,DETECTED
_result,0,2026-07-24 20:29:11.255273+00:00,2026-07-25 02:56:34.423623+00:00,2026-07-24 23:55:02.202990+00:00,attack_status,REPLAY,a12aafb3,DETECTED
_result,0,2026-07-24 20:29:11.255273+00:00,2026-07-25 02:56:34.423623+00:00,2026-07-24 23:57:15.539126+00:00,attack_status,REPLAY,a12aafb3,DETECTED
_result,0,2026-07-24 20:29:11.255273+00:00,2026-07-25 02:56:34.423623+00:00,2026-07-24 23:59:28.913508+00:00,attack_status,REPLAY,a12aafb3,DETECTED
_result,0,2026-07-24 20:29:11.255273+00:00,2026-07-25 02:56:34.423623+00:00,2026-07-25 00:01:42.423347+00:00,attack_status,REPLAY,a12aafb3,DETECTED
_result,0,2026-07-24 20:29:11.255273+00:00,2026-07-25 02:56:34.423623+00:00,2026-07-25 00:03:55.742299+00:00,attack_status,REPLAY,a12aafb3,DETECTED
_result,0,2026-07-24 20:29:11.255273+00:00,2026-07-25 02:56:34.423623+00:00,2026-07-25 00:06:09.159529+00:00,attack_status,REPLAY,a12aafb3,DETECTED
_result,0,2026-07-24 20:29:11.255273+00:00,2026-07-25 02:56:34.423623+00:00,2026-07-25 00:15:54.002575+00:00,attack_status,REPLAY,a12aafb3,DETECTED
_result,0,2026-07-24 20:29:11.255273+00:00,2026-07-25 02:56:34.423623+00:00,2026-07-25 00:23:59.102088+00:00,attack_status,REPLAY,a12aafb3,DETECTED
_result,0,2026-07-24 20:29:11.255273+00:00,2026-07-25 02:56:34.423623+00:00,2026-07-25 00:26:12.643020+00:00,attack_status,REPLAY,a12aafb3,DETECTED
_result,0,2026-07-24 20:29:11.255273+00:00,2026-07-25 02:56:34.423623+00:00,2026-07-25 00:28:26.175867+00:00,attack_status,REPLAY,a12aafb3,DETECTED
_result,0,2026-07-24 20:29:11.255273+00:00,2026-07-25 02:56:34.423623+00:00,2026-07-25 00:30:39.596757+00:00,attack_status,REPLAY,a12aafb3,DETECTED
_result,0,2026-07-24 20:29:11.255273+00:00,2026-07-25 02:56:34.423623+00:00,2026-07-25 00:38:11.227190+00:00,attack_status,REPLAY,a12aafb3,DETECTED
_result,0,2026-07-24 20:29:11.255273+00:00,2026-07-25 02:56:34.423623+00:00,2026-07-25 00:54:23.130740+00:00,attack_status,REPLAY,a12aafb3,DETECTED
_result,0,2026-07-24 20:29:11.255273+00:00,2026-07-25 02:56:34.423623+00:00,2026-07-25 01:02:46.267204+00:00,attack_status,REPLAY,a12aafb3,DETECTED
_result,0,2026-07-24 20:29:11.255273+00:00,2026-07-25 02:56:34.423623+00:00,2026-07-25 01:05:00.128246+00:00,attack_status,REPLAY,a12aafb3,DETECTED
_result,0,2026-07-24 20:29:11.255273+00:00,2026-07-25 02:56:34.423623+00:00,2026-07-25 01:07:14.114892+00:00,attack_status,REPLAY,a12aafb3,DETECTED
_result,0,2026-07-24 20:29:11.255273+00:00,2026-07-25 02:56:34.423623+00:00,2026-07-25 01:18:58.871412+00:00,attack_status,REPLAY,a12aafb3,DETECTED
_result,0,2026-07-24 20:29:11.255273+00:00,2026-07-25 02:56:34.423623+00:00,2026-07-25 01:21:12.735825+00:00,attack_status,REPLAY,a12aafb3,DETECTED
_result,0,2026-07-24 20:29:11.255273+00:00,2026-07-25 02:56:34.423623+00:00,2026-07-25 01:23:26.668074+00:00,attack_status,REPLAY,a12aafb3,DETECTED
_result,0,2026-07-24 20:29:11.255273+00:00,2026-07-25 02:56:34.423623+00:00,2026-07-25 01:26:13.958506+00:00,attack_status,REPLAY,a12aafb3,DETECTED
_result,0,2026-07-24 20:29:11.255273+00:00,2026-07-25 02:56:34.423623+00:00,2026-07-25 01:34:53.841891+00:00,attack_status,REPLAY,a12aafb3,DETECTED
_result,0,2026-07-24 20:29:11.255273+00:00,2026-07-25 02:56:34.423623+00:00,2026-07-25 01:49:08.985159+00:00,attack_status,REPLAY,a12aafb3,DETECTED
_result,0,2026-07-24 20:29:11.255273+00:00,2026-07-25 02:56:34.423623+00:00,2026-07-25 01:51:22.874819+00:00,attack_status,REPLAY,a12aafb3,DETECTED
_result,0,2026-07-24 20:29:11.255273+00:00,2026-07-25 02:56:34.423623+00:00,2026-07-25 01:53:36.789433+00:00,attack_status,REPLAY,a12aafb3,DETECTED
_result,0,2026-07-24 20:29:11.255273+00:00,2026-07-25 02:56:34.423623+00:00,2026-07-25 01:55:50.589105+00:00,attack_status,REPLAY,a12aafb3,DETECTED
_result,0,2026-07-24 20:29:11.255273+00:00,2026-07-25 02:56:34.423623+00:00,2026-07-25 01:58:04.609519+00:00,attack_status,REPLAY,a12aafb3,DETECTED
_result,0,2026-07-24 20:29:11.255273+00:00,2026-07-25 02:56:34.423623+00:00,2026-07-25 02:03:56.536004+00:00,attack_status,REPLAY,a12aafb3,DETECTED
_result,0,2026-07-24 20:29:11.255273+00:00,2026-07-25 02:56:34.423623+00:00,2026-07-25 02:19:18.605283+00:00,attack_status,REPLAY,a12aafb3,DETECTED
_result,0,2026-07-24 20:29:11.255273+00:00,2026-07-25 02:56:34.423623+00:00,2026-07-25 02:35:14.495160+00:00,attack_status,REPLAY,a12aafb3,DETECTED
